Temperature (K),Minimum dip (dBm),Quality factor (Q),Central frequency (MHz)
299.428,-38.929,99.87153463219552,50.217459964999996
299.425,-38.927,99.89834726789313,50.217459964999996
299.405,-38.898,99.97534283738091,50.217459964999996
299.368,-38.939,99.84607592979187,50.217459964999996
299.317,-38.913,99.84235895626185,50.217459964999996
299.255,-38.929,100.04578833915664,50.20802528
299.182,-38.906,100.01348840658156,50.217459964999996
299.1,-38.953,99.89827081478171,50.217459964999996
299.007,-38.955,99.98630735702702,50.217459964999996
298.904,-38.969,99.86306015570864,50.217459964999996
298.794,-38.973,99.86947867353874,50.217459964999996
298.674,-38.959,99.80660508485623,50.217459964999996
298.547,-38.984,99.89721995321425,50.217459964999996
298.411,-38.955,99.71522526376123,50.20802528
298.267,-38.946,99.71392667357583,50.217459964999996
298.115,-38.989,99.49563278499568,50.217459964999996
297.955,-39.028,99.98913307357374,50.217459964999996
297.787,-38.98,99.91429495626127,50.217459964999996
297.613,-39.012,99.96731318632735,50.217459964999996
297.43,-39.028,100.01287243786712,50.217459964999996
297.24,-39.044,100.12144747087993,50.217459964999996
297.042,-39.058,100.13563129660825,50.217459964999996
296.839,-39.062,100.17551523122873,50.217459964999996
296.629,-39.053,100.16971313402307,50.217459964999996
296.411,-38.991,99.70057740865354,50.217459964999996
296.189,-38.964,100.16080648798844,50.217459964999996
295.957,-38.982,100.40608232297488,50.22689465
295.72,-38.988,100.40378722998068,50.22689465
295.475,-39.023,100.31856820407202,50.22689465
295.226,-38.993,100.2858768381423,50.22689465
294.971,-39.011,99.83686098053737,50.22689465
294.71,-38.88,99.07673466374037,50.22689465
294.443,-38.88,99.15482880838528,50.217459964999996
294.171,-38.907,99.17763237199644,50.22689465
293.89,-38.892,99.29731412064199,50.217459964999996
293.607,-38.892,99.51878965664073,50.236329335
293.318,-38.922,99.4383950831666,50.22689465
293.023,-38.942,99.60319740008774,50.22689465
292.724,-38.927,99.68641430837638,50.22689465
292.419,-38.964,99.84617606520968,50.22689465
292.11,-38.957,99.78451939717449,50.22689465
291.795,-38.958,99.97770619556981,50.22689465
291.474,-39.003,99.99624266785862,50.22689465
291.15,-39.028,100.02924266920574,50.22689465
290.821,-39.03,100.02362533754912,50.236329335
290.488,-39.073,100.32501795771724,50.236329335
290.15,-39.066,100.17464521885034,50.236329335
289.808,-39.054,100.28680162295728,50.236329335
289.462,-39.1,100.31235211379969,50.236329335
289.112,-39.107,100.619736342346,50.245764019999996
288.757,-39.116,100.58359084450555,50.236329335
288.399,-39.13,100.64636326639072,50.236329335
288.036,-39.13,100.97449956365611,50.236329335
287.667,-39.172,101.02311736897376,50.236329335
287.297,-39.158,101.20161035998025,50.245764019999996
286.923,-39.188,101.21188573615417,50.245764019999996
286.545,-39.199,101.35600578929018,50.245764019999996
286.164,-39.228,101.392754555509,50.245764019999996
285.778,-39.24,101.47000447887265,50.245764019999996
285.39,-39.26,101.65950965103453,50.255198705
284.997,-39.249,101.62978779601355,50.245764019999996
284.602,-39.245,101.72666318752697,50.255198705
284.202,-39.285,102.07175383633268,50.255198705
283.8,-39.282,102.13842327353134,50.255198705
283.395,-39.294,102.18066741125533,50.26463339
282.983,-39.322,102.25475144591073,50.255198705
282.571,-39.322,102.44214511867631,50.255198705
282.156,-39.36,102.49978270749246,50.26463339
281.738,-39.433,101.65473445693529,50.26463339
281.317,-39.418,101.62121023900609,50.255198705
280.894,-39.456,101.94364300674889,50.26463339
280.466,-39.507,101.94353590365085,50.26463339
280.034,-39.51,102.08258726176302,50.26463339
279.602,-39.55,102.27521981944699,50.274068074999995
279.167,-39.533,102.39617253051782,50.26463339
278.729,-39.582,102.58317443353012,50.274068074999995
278.289,-39.577,102.79413511923877,50.26463339
277.847,-39.622,102.90803789372967,50.274068074999995
277.402,-39.631,102.81906633831909,50.274068074999995
276.954,-39.651,102.82789771873959,50.274068074999995
276.504,-39.674,103.14960657848376,50.274068074999995
276.052,-39.676,103.20482330015149,50.274068074999995
275.598,-39.722,103.39721103585936,50.274068074999995
275.144,-39.735,103.6245179257192,50.274068074999995
274.691,-39.715,103.68518469219514,50.274068074999995
274.237,-39.755,103.84372689440315,50.274068074999995
273.783,-39.802,103.98381883751519,50.274068074999995
273.327,-39.8,104.14549793682059,50.274068074999995
272.87,-39.803,104.34710139215719,50.274068074999995
272.413,-39.782,104.53331117812085,50.274068074999995
271.956,-39.794,104.62423952067319,50.274068074999995
271.495,-39.834,104.21866225738117,50.274068074999995
271.036,-39.87,105.10225741094047,50.274068074999995
270.576,-39.863,104.99089686078943,50.28350276
270.116,-39.927,105.25250195580277,50.274068074999995
269.656,-39.934,105.35952693396466,50.28350276
269.195,-39.955,105.5791874488208,50.28350276
268.734,-39.959,105.63083885033521,50.28350276
268.272,-40.018,106.05762526117385,50.28350276
267.81,-40.041,106.12257454044503,50.28350276
267.345,-40.043,106.19705183237983,50.28350276
266.883,-40.11,106.47097652004935,50.28350276
266.423,-40.124,106.49227050667284,50.28350276
265.957,-40.112,106.75802161183543,50.292937445
265.494,-40.163,106.8565692371185,50.292937445
265.031,-40.16,106.96944433737312,50.28350276
264.567,-40.193,107.36705421728168,50.292937445
264.104,-40.186,107.46446592488198,50.292937445
263.64,-40.23,107.54708402150102,50.292937445
263.176,-40.23,107.87468340057438,50.292937445
262.712,-40.295,107.99086499329565,50.292937445
262.245,-40.288,108.10761080363766,50.292937445
261.782,-40.325,108.16960588132623,50.292937445
261.318,-40.367,108.50421804430586,50.292937445
260.853,-40.391,108.58301745141863,50.302372129999995
260.392,-40.368,108.80898716639689,50.302372129999995
259.925,-40.396,108.8857120029893,50.302372129999995
259.46,-40.432,108.95758495543372,50.302372129999995
258.996,-40.575,109.09544012454715,50.302372129999995
258.528,-40.577,109.25929728657553,50.302372129999995
258.064,-40.609,109.3982449281383,50.311806815
257.6,-40.627,109.63853798133319,50.302372129999995
257.136,-40.67,109.74429220150786,50.311806815
256.671,-40.65,109.85370652324721,50.311806815
256.206,-40.742,110.10482575606586,50.311806815
255.742,-40.772,110.12033830677261,50.311806815
255.277,-40.682,110.33946330958678,50.311806815
254.812,-40.707,110.5661188349169,50.311806815
254.35,-40.746,110.85012317604428,50.311806815
253.879,-40.77,111.03135019761706,50.311806815
253.414,-40.796,111.10788684274569,50.3212415
252.949,-40.841,111.33866661363652,50.3212415
252.483,-40.848,111.42344862235342,50.3212415
252.017,-40.884,111.63826505106614,50.3212415
251.551,-40.944,111.59907031258692,50.3212415
251.083,-40.888,111.59283130561283,50.3212415
250.616,-40.901,111.89308347937062,50.3212415
250.15,-40.914,111.99797190554453,50.3212415
249.685,-40.975,112.2496173317038,50.330676184999994
249.222,-40.986,112.38882372998297,50.330676184999994
248.761,-41.032,112.53888636905839,50.330676184999994
248.3,-41.075,112.50710724780348,50.330676184999994
247.84,-41.06,112.79866657480176,50.330676184999994
247.381,-41.2,113.71798184492373,50.330676184999994
246.923,-41.203,113.89220158321568,50.330676184999994
246.466,-41.233,114.02488472837436,50.34011087
246.007,-41.281,114.22206382146432,50.34011087
245.552,-41.286,114.49655718435238,50.34011087
245.097,-41.344,114.41526384239813,50.34011087
244.643,-41.327,114.68169033421098,50.34011087
244.189,-41.375,114.81579059088493,50.34011087
243.737,-41.412,114.9247190668098,50.34011087
243.285,-41.393,115.06448289315986,50.34011087
242.835,-41.434,115.21188040108599,50.349545555
242.385,-41.473,115.29575783410111,50.34011087
241.935,-41.462,115.61997677223061,50.349545555
241.484,-41.514,115.78319829062936,50.349545555
241.036,-41.56,115.96940548433032,50.349545555
240.588,-41.536,116.11804728834849,50.349545555
240.142,-41.61,116.17512425694046,50.349545555
239.696,-41.59,116.34894848879202,50.349545555
239.251,-41.616,116.41889254383493,50.358980239999994
238.806,-41.642,116.67153835569154,50.358980239999994
238.362,-41.716,116.56929563535819,50.358980239999994
237.918,-41.661,116.85432242861096,50.358980239999994
237.472,-41.678,117.14515492641715,50.358980239999994
237.03,-41.715,117.10256522296372,50.358980239999994
236.588,-41.739,117.44764951043086,50.358980239999994
236.146,-41.755,117.3414880140077,50.358980239999994
235.705,-41.735,117.64813598169881,50.358980239999994
235.265,-41.741,117.66320889604155,50.358980239999994
234.824,-41.809,117.75244121590947,50.368414924999996
234.385,-41.872,117.88085794194585,50.368414924999996
233.945,-41.966,117.99299421322347,50.368414924999996
233.506,-41.997,118.22348980752503,50.368414924999996
233.067,-42.005,118.5011430039503,50.368414924999996
232.626,-42.032,118.56151111249467,50.368414924999996
232.187,-42.039,118.71024229921794,50.368414924999996
231.748,-42.12,118.70946385995413,50.368414924999996
231.31,-42.085,119.08749735717636,50.37784961
230.872,-42.065,119.15577321364371,50.37784961
230.434,-42.061,119.23411557209285,50.37784961
229.996,-42.14,119.42783146853903,50.37784961
229.558,-42.178,119.55341380362619,50.37784961
229.12,-42.197,119.69771861496997,50.37784961
228.68,-42.156,119.7552220749046,50.37784961
228.242,-42.224,119.9174851924146,50.37784961
227.805,-42.224,120.06253827200533,50.387284295
227.367,-42.301,120.1001491688163,50.387284295
226.929,-42.296,120.26481381754694,50.387284295
226.491,-42.358,120.4116433067942,50.387284295
226.057,-42.412,120.37401823843338,50.387284295
225.625,-42.372,120.71122198780645,50.387284295
225.189,-42.462,120.77773568866667,50.387284295
224.758,-42.431,121.00965172302446,50.387284295
224.328,-42.5,121.15925002951315,50.387284295
223.898,-42.498,121.19582583683425,50.387284295
223.469,-42.506,121.26831487919318,50.396718979999996
223.041,-42.559,121.78829846671981,50.396718979999996
222.614,-42.592,121.62887773985638,50.396718979999996
222.187,-42.612,121.77296968387412,50.396718979999996
221.758,-42.648,121.78709768266066,50.396718979999996
221.333,-42.634,121.82388615101313,50.396718979999996
220.908,-42.65,121.97804799017958,50.396718979999996
220.484,-42.701,122.15693555092426,50.396718979999996
220.061,-42.7,122.16832325626444,50.396718979999996
219.638,-42.749,122.39988344047009,50.406153665
219.215,-42.74,122.54177246146206,50.406153665
218.794,-42.819,122.62110681480267,50.406153665
218.373,-42.84,122.83741759062448,50.406153665
217.952,-42.91,122.78040053262201,50.406153665
217.532,-42.908,123.12771467273296,50.406153665
217.113,-42.916,122.96463049105282,50.406153665
216.691,-42.932,123.05169366158295,50.406153665
216.272,-42.908,123.37333201737451,50.406153665
215.854,-42.928,123.40411456240494,50.41558835
215.436,-42.996,123.37681758472371,50.41558835
215.019,-43.012,123.66509322500744,50.41558835
214.601,-43.067,122.3897734297538,50.41558835
214.185,-43.135,122.62014409898161,50.41558835
213.769,-43.158,122.80975256267136,50.41558835
213.35,-43.181,122.79978987585443,50.41558835
212.934,-43.155,122.83292039816388,50.41558835
212.519,-43.141,123.14091892232533,50.41558835
212.103,-43.19,123.32599418642197,50.425023034999995
211.688,-43.215,123.21485349484148,50.425023034999995
211.273,-43.228,123.49400030586665,50.425023034999995
210.859,-43.286,123.60724061942871,50.425023034999995
210.444,-43.315,123.64781272590325,50.425023034999995
210.029,-43.372,123.92489611513295,50.425023034999995
209.612,-43.378,123.98439768758129,50.425023034999995
209.197,-43.375,124.05511944693077,50.425023034999995
208.783,-43.371,124.29059911717684,50.43445772
208.368,-43.386,124.30928829304035,50.425023034999995
207.953,-43.4,124.40023792930627,50.425023034999995
207.538,-43.476,124.4843173837336,50.43445772
207.123,-43.49,124.54916614118261,50.43445772
206.708,-43.573,124.64390517308996,50.43445772
206.292,-43.545,124.68022478781357,50.43445772
205.874,-43.597,124.86498786092007,50.43445772
205.458,-43.564,124.98944173138395,50.43445772
205.043,-43.607,124.91746157400951,50.43445772
204.63,-43.638,125.06002200392167,50.43445772
204.218,-43.622,125.27151468860863,50.43445772
203.806,-43.656,125.32286698946196,50.443892405
203.396,-43.654,125.41394836245665,50.443892405
202.983,-43.743,125.42073921325057,50.443892405
202.575,-43.754,125.71204648750059,50.443892405
202.166,-43.764,125.7675613416515,50.443892405
201.758,-43.85,125.73566127348583,50.443892405
201.352,-43.802,125.98316008352442,50.443892405
200.943,-43.84,126.07840355103352,50.443892405
200.534,-43.82,126.17074570197452,50.443892405
200.128,-43.849,126.18092080382762,50.443892405
199.723,-43.851,126.30270055005543,50.453327089999995
199.318,-43.936,126.46470289446837,50.453327089999995
198.914,-43.969,126.52458087681168,50.453327089999995
198.51,-44.005,126.59017394799723,50.453327089999995
198.104,-44.068,126.8283127526667,50.453327089999995
197.701,-44.119,126.7039198089805,50.453327089999995
197.298,-44.108,127.09006076116084,50.453327089999995
196.896,-44.101,126.93092503710322,50.453327089999995
196.479,-44.119,127.22364330621609,50.453327089999995
196.072,-44.079,127.12157971634467,50.453327089999995
195.671,-44.143,127.26714655040274,50.453327089999995
195.27,-44.154,127.10380961909908,50.462761775
194.867,-44.242,127.31398867683261,50.462761775
194.467,-44.24,127.51839782024885,50.462761775
194.067,-44.234,127.39011812660841,50.462761775
193.667,-44.205,127.59378414695114,50.462761775
193.267,-44.287,127.63361895539136,50.462761775
192.866,-44.291,127.69986332296136,50.462761775
192.452,-44.307,127.75344844069834,50.462761775
192.047,-44.343,127.9173756077569,50.462761775
191.646,-44.276,127.9076144926437,50.462761775
191.245,-44.376,128.2262103963977,50.47219646
190.844,-44.434,128.34724352815397,50.47219646
190.445,-44.482,128.3415839485169,50.47219646
190.046,-44.486,128.57906183411393,50.47219646
189.647,-44.497,128.5846371713236,50.47219646
189.248,-44.563,128.55160234983114,50.47219646
188.849,-44.484,128.80682232917312,50.47219646
188.446,-44.509,128.7036694970406,50.47219646
188.045,-44.466,128.8681762997319,50.47219646
187.64,-44.478,128.88084722500926,50.47219646
187.236,-44.496,129.01798609347514,50.481631144999994
186.835,-44.557,129.0504569707289,50.481631144999994
186.434,-44.587,129.01284748401773,50.481631144999994
186.035,-44.634,129.10391437692218,50.481631144999994
185.634,-44.681,129.3507702844458,50.481631144999994
185.237,-44.722,129.18767610858362,50.481631144999994
184.84,-44.675,129.32780832471005,50.481631144999994
184.444,-44.613,129.9192611772754,50.481631144999994
184.049,-44.584,129.9135908932406,50.481631144999994
183.655,-44.652,130.03554598432567,50.481631144999994
183.261,-44.705,130.00052044913338,50.49106583
182.867,-44.742,130.22432743220435,50.49106583
182.483,-44.767,130.2512863667026,50.49106583
182.09,-44.809,130.3106466075701,50.49106583
181.698,-44.836,130.21637642544897,50.49106583
181.307,-44.802,130.4412252847166,50.49106583
180.915,-44.84,130.38422644365897,50.49106583
180.523,-44.874,130.45819642732695,50.49106583
180.133,-44.827,130.55605329038556,50.49106583
179.743,-44.84,130.74990872438133,50.49106583
179.353,-44.88,130.71155323808492,50.49106583
178.965,-44.921,130.83899643180425,50.500500515
178.573,-44.943,130.9066597904219,50.500500515
178.183,-44.95,130.7258877582862,50.500500515
177.797,-45.009,130.86717101810194,50.500500515
177.569,-44.847,130.50157774816952,50.500500515
177.174,-44.938,130.5960491740808,50.500500515
176.786,-44.901,130.82244362232598,50.500500515
176.399,-44.929,130.77606806845606,50.500500515
176.013,-44.948,130.90193714610785,50.500500515
175.624,-44.915,130.82003544082798,50.500500515
175.238,-44.986,130.87609867081838,50.500500515
174.851,-44.882,130.82153674033995,50.500500515
174.467,-44.913,130.78264671913462,50.500500515
174.079,-44.948,130.92968903440268,50.500500515
173.693,-44.846,131.19730312593057,50.5099352
173.306,-44.974,131.05658336915718,50.5099352
172.92,-45.026,131.20438402859372,50.5099352
172.534,-45.064,131.4253867991357,50.5099352
172.148,-45.107,131.40835910833326,50.5099352
171.759,-45.094,131.48830573430274,50.5099352
171.373,-45.139,131.40877500555652,50.5099352
170.986,-45.093,131.40426192101046,50.5099352
170.599,-45.045,131.52333529486918,50.5099352
170.211,-45.032,131.51340611695449,50.5099352
169.824,-45.052,131.55076629459953,50.519369884999996
169.438,-45.089,131.6919238859936,50.519369884999996
169.047,-45.08,131.7310240021319,50.519369884999996
168.659,-45.102,131.65888642562535,50.519369884999996
168.272,-45.232,131.72841257223746,50.519369884999996
167.885,-45.175,131.71953339423595,50.519369884999996
167.499,-45.197,131.86188843330635,50.519369884999996
167.115,-45.197,131.9104013297826,50.519369884999996
166.73,-45.241,131.94759681019184,50.519369884999996
166.347,-45.223,132.02030390760913,50.519369884999996
165.964,-45.159,132.08703316616806,50.519369884999996
165.581,-45.164,132.28614595996166,50.52880457
165.199,-45.29,132.10679644225138,50.52880457
164.818,-45.291,132.25229480752228,50.52880457
164.439,-45.306,132.2506880759994,50.52880457
164.056,-45.343,132.19395425125805,50.52880457
163.676,-45.374,132.50624841422697,50.52880457
163.294,-45.374,132.47685797707788,50.52880457
162.914,-45.409,132.27524015690958,50.52880457
162.535,-45.39,132.42020898233457,50.52880457
162.156,-45.333,132.61327261292573,50.52880457
161.776,-45.333,132.3274196848904,50.52880457
161.398,-45.354,132.61000317139192,50.538239255
161.019,-45.271,132.59227682817976,50.538239255
160.641,-45.381,132.57695949277223,50.538239255
160.263,-45.465,132.60490611435137,50.538239255
159.886,-45.483,132.54041862998142,50.538239255
159.506,-45.428,132.70220518082573,50.538239255
159.129,-45.472,132.7578003378855,50.538239255
158.751,-45.502,132.7650749261425,50.538239255
158.373,-45.504,132.7579850552691,50.538239255
157.996,-45.509,132.76584755197146,50.538239255
157.616,-45.485,132.98788190858554,50.538239255
157.239,-45.423,132.83955306485137,50.538239255
156.862,-45.432,132.9524705359031,50.547673939999996
156.485,-45.452,132.4707398355151,50.547673939999996
156.107,-45.395,132.25644069749043,50.547673939999996
155.73,-45.479,132.54804896532843,50.547673939999996
155.353,-45.509,132.3853573520096,50.547673939999996
154.975,-45.55,132.43733304009803,50.547673939999996
154.596,-45.545,132.52128897425513,50.547673939999996
154.217,-45.561,132.54127615703138,50.547673939999996
153.839,-45.495,132.67026300041144,50.547673939999996
153.461,-45.418,132.6445604859053,50.547673939999996
153.082,-45.374,132.546261689475,50.547673939999996
152.705,-45.466,132.64338493754397,50.557108625
152.33,-45.498,132.75738561530164,50.557108625
151.954,-45.525,132.8131042875614,50.557108625
151.581,-45.483,132.41291775508236,50.557108625
151.206,-45.464,132.64324407511333,50.557108625
150.833,-45.528,132.5890588786686,50.557108625
150.46,-45.536,132.48020176048632,50.557108625
150.088,-45.544,132.76825141817363,50.557108625
149.713,-45.448,132.7338765714451,50.557108625
149.342,-45.409,132.71297012925615,50.557108625
148.971,-45.388,132.87768466131732,50.557108625
148.6,-45.432,132.71050316272715,50.557108625
148.229,-45.543,132.8296325703312,50.56654331
147.859,-45.5,132.89109877169633,50.56654331
147.489,-45.528,132.72078231490963,50.56654331
147.118,-45.526,132.95133881840877,50.56654331
146.749,-45.561,132.8143744342476,50.56654331
146.377,-45.612,132.69731795490017,50.56654331
146.007,-45.548,132.91842833911178,50.56654331
145.637,-45.567,132.9973310237357,50.56654331
145.267,-45.559,133.04688352921562,50.56654331
144.898,-45.445,132.96340940177515,50.56654331
144.527,-45.483,132.9626436719261,50.575977994999995
144.158,-45.519,132.96336572282172,50.575977994999995
143.788,-45.471,133.034933957334,50.575977994999995
143.418,-45.595,132.93749832224654,50.575977994999995
143.047,-45.592,132.95415928144308,50.575977994999995
142.674,-45.651,133.12602038439528,50.575977994999995
142.303,-45.616,133.0447143541388,50.575977994999995
141.931,-45.631,133.19300688580117,50.575977994999995
141.559,-45.641,133.11718602781463,50.575977994999995
141.187,-45.572,133.0308223739779,50.575977994999995
140.814,-45.516,133.09620292467636,50.575977994999995
140.441,-45.597,133.12396240882475,50.58541268
140.067,-45.576,133.23622574905139,50.58541268
139.693,-45.638,133.22180742881966,50.58541268
139.318,-45.632,133.0506995911911,50.58541268
138.942,-45.649,133.3897852911313,50.58541268
138.563,-45.622,133.10571749966473,50.58541268
138.188,-45.651,133.18346899008256,50.58541268
137.813,-45.532,133.20365975670384,50.58541268
137.438,-45.59,133.26718590255987,50.58541268
137.063,-45.503,133.19750654748069,50.594847365
136.688,-45.438,133.12645328536576,50.594847365
136.313,-45.43,132.9807398628513,50.594847365
135.938,-45.516,133.12066867211726,50.594847365
135.564,-45.558,133.1619308367721,50.594847365
135.186,-45.546,133.05681617406358,50.594847365
134.812,-45.53,133.036697855833,50.594847365
134.438,-45.541,133.03616026857944,50.594847365
134.063,-45.506,132.94059752854469,50.594847365
133.689,-45.434,132.8963305665265,50.594847365
133.314,-45.423,133.01812735942306,50.594847365
132.94,-45.428,132.88921467387405,50.594847365
132.566,-45.401,132.94992434388902,50.604282049999995
132.189,-45.426,132.81816714890684,50.604282049999995
131.817,-45.496,132.91139418341277,50.604282049999995
131.44,-45.494,132.92490299937535,50.604282049999995
131.065,-45.561,132.648898310734,50.604282049999995
130.69,-45.51,132.7051466219171,50.604282049999995
130.314,-45.468,132.58976626272408,50.604282049999995
129.938,-45.454,132.63956119540882,50.604282049999995
129.562,-45.397,132.65430926894652,50.604282049999995
129.187,-45.416,132.67388402931266,50.604282049999995
128.81,-45.552,132.4402623561182,50.613716735
128.43,-45.565,132.42266160234885,50.613716735
128.052,-45.565,132.50655818630074,50.613716735
127.674,-45.62,132.42652736425552,50.613716735
127.294,-45.64,132.520375213078,50.613716735
126.917,-45.616,132.30405613115028,50.613716735
126.534,-45.501,132.2845703965798,50.613716735
126.152,-45.496,132.2684812641952,50.613716735
125.767,-45.522,132.40899507899195,50.613716735
125.387,-45.412,132.28491464278588,50.62315142
125.007,-45.498,132.419124696985,50.62315142
124.627,-45.527,132.3182585310972,50.62315142
124.247,-45.453,132.44132881661196,50.62315142
123.868,-45.453,132.17632795456575,50.62315142
123.489,-45.492,132.2073368254753,50.62315142
123.109,-45.492,132.12462502932152,50.62315142
122.731,-45.413,132.06343008991604,50.62315142
122.352,-45.376,131.87655091635722,50.62315142
121.971,-45.348,132.01462463822764,50.632586104999994
121.592,-45.37,132.0091079431666,50.632586104999994
121.213,-45.419,131.9374332938619,50.632586104999994
120.834,-45.423,131.8515465409766,50.632586104999994
120.454,-45.478,131.95350976956163,50.632586104999994
120.075,-45.404,131.7766151979646,50.632586104999994
119.695,-45.388,131.8140137103825,50.632586104999994
119.315,-45.373,131.64931911005834,50.632586104999994
118.932,-45.284,131.7304850914419,50.632586104999994
118.551,-45.254,131.6862470020405,50.64202079
118.169,-45.337,131.63982386172077,50.64202079
117.788,-45.312,131.49159833204868,50.64202079
117.406,-45.243,131.6248730513107,50.64202079
117.023,-45.34,131.64383366183833,50.64202079
116.639,-45.262,131.50816046627193,50.64202079
116.255,-45.215,131.52098053089608,50.64202079
115.87,-45.224,131.3853525715247,50.64202079
115.484,-45.14,131.63556453619495,50.64202079
115.095,-45.21,131.41371910698672,50.651455475
114.707,-45.184,131.59457458942418,50.651455475
114.318,-45.208,131.3963838339218,50.651455475
113.929,-45.279,131.0569913788376,50.651455475
113.54,-45.304,130.76073119500933,50.651455475
113.151,-45.196,130.8646673888565,50.651455475
112.762,-45.178,130.81963482675926,50.651455475
112.372,-45.146,130.77098555332503,50.651455475
111.982,-45.188,130.70438017133867,50.660890159999994
111.592,-45.217,130.79741006462095,50.660890159999994
111.2,-45.218,130.78750535492713,50.660890159999994
110.81,-45.225,130.71879001137256,50.660890159999994
110.419,-45.246,130.78199205059596,50.660890159999994
110.029,-45.188,130.68832882839803,50.660890159999994
109.637,-45.113,130.58064703940136,50.660890159999994
109.246,-45.122,130.45013626270244,50.660890159999994
108.851,-45.122,130.46133673073794,50.670324844999996
108.459,-45.174,130.4567450092858,50.670324844999996
108.066,-45.152,130.52950073137814,50.670324844999996
107.672,-45.184,130.76580712509858,50.670324844999996
107.278,-45.133,130.905931485093,50.670324844999996
106.883,-45.115,131.01519390918062,50.670324844999996
106.487,-45.035,130.81308518204406,50.670324844999996
106.09,-45.037,130.92973100427974,50.67975953
105.692,-45.088,130.85517373933357,50.67975953
105.29,-45.198,130.7489583292204,50.67975953
104.89,-45.143,130.65834823142063,50.67975953
104.489,-45.183,130.6464882353862,50.67975953
104.087,-45.113,130.55970277280338,50.67975953
103.683,-45.057,130.7416003351324,50.67975953
103.279,-45.107,130.78562431009897,50.689194215
102.875,-45.163,130.66831020565726,50.689194215
102.472,-45.117,130.8194278045253,50.689194215
102.065,-45.14,130.7764169132074,50.689194215
101.659,-45.095,130.7506372721816,50.689194215
101.254,-45.067,130.66500081945892,50.689194215
100.849,-45.058,131.9274934387286,50.698628899999996
100.443,-45.117,131.89856070522072,50.698628899999996
100.037,-45.075,131.97372363222797,50.698628899999996
99.628,-45.104,131.82694701964132,50.698628899999996
99.221,-45.162,131.87228504212834,50.698628899999996
98.813,-45.082,131.82982531644225,50.698628899999996
98.404,-45.139,132.13654346527977,50.698628899999996
97.995,-45.101,131.9334966992238,50.708063585
97.584,-45.154,132.09563133993788,50.708063585
97.17,-45.141,131.98397835353674,50.708063585
96.758,-45.241,132.23314098850034,50.708063585
96.345,-45.22,132.20509265012956,50.708063585
95.93,-45.145,132.3220378279288,50.708063585
95.514,-45.138,132.3815505670104,50.708063585
95.097,-45.244,132.25621489638215,50.71749827
94.678,-45.276,132.28161867541994,50.71749827
94.258,-45.335,132.37793271540954,50.71749827
93.836,-45.287,132.50697786437863,50.71749827
93.414,-45.247,132.64183890828275,50.71749827
92.989,-45.275,132.45208094674337,50.726932954999995
92.565,-45.418,132.604106553317,50.726932954999995
92.142,-45.382,132.75202900156566,50.726932954999995
91.718,-45.531,132.8148099485587,50.726932954999995
91.293,-45.491,132.90067301327775,50.726932954999995
90.867,-45.496,133.00461413089423,50.726932954999995
90.442,-45.415,132.9620229932506,50.726932954999995
90.015,-45.519,133.05868680965065,50.73636764
89.587,-45.616,133.20627057940666,50.73636764
89.157,-45.612,133.37685271727875,50.73636764
88.724,-45.596,133.7369620083568,50.73636764
88.292,-45.632,133.7300381672917,50.73636764
87.858,-45.589,133.69761259464897,50.73636764
87.423,-45.652,133.928243237477,50.745802325
86.986,-45.756,133.91547887335247,50.745802325
86.547,-45.78,134.14758957761782,50.745802325
86.106,-45.797,133.90575873944022,50.745802325
85.663,-45.806,134.10147939672788,50.745802325
85.215,-45.806,134.24595208313772,50.755237009999995
84.766,-45.94,134.34027700143568,50.755237009999995
84.318,-46.018,134.7057402930278,50.755237009999995
83.868,-45.994,134.75514543717512,50.755237009999995
83.418,-46.016,134.74907656282886,50.755237009999995
82.967,-45.982,135.0943855068751,50.755237009999995
82.515,-45.958,135.2677813131594,50.764671695
82.058,-46.204,135.2924360139584,50.764671695
81.602,-46.229,135.44936283101578,50.764671695
81.144,-46.288,135.57492414303016,50.764671695
80.684,-46.294,135.71527144425036,50.764671695
80.222,-46.288,135.93185737465586,50.764671695
79.761,-46.461,136.19734308989453,50.77410638
79.292,-46.617,136.31289642004643,50.77410638
78.823,-46.664,136.54829728285299,50.77410638
78.352,-46.656,136.59335464282725,50.77410638
77.876,-46.569,136.71085022033523,50.783541064999994
77.394,-46.696,137.12426704441506,50.783541064999994
76.912,-46.781,137.3115119888423,50.783541064999994
76.429,-46.886,137.6152973217503,50.783541064999994
75.944,-46.901,137.7809842154594,50.783541064999994
75.461,-46.933,137.81362094078253,50.783541064999994
74.97,-46.979,138.17121992900275,50.79297575
74.48,-47.116,138.35846804297066,50.79297575
73.987,-47.229,138.32421981190328,50.79297575
73.494,-47.276,138.61116183289187,50.79297575
72.992,-47.292,138.9888892639735,50.79297575
72.49,-47.292,139.11473347942334,50.802410435
71.985,-47.558,139.4619772087724,50.802410435
71.475,-47.595,139.58239305138142,50.802410435
70.961,-47.769,140.06706351606172,50.802410435
70.442,-47.658,140.18120524964232,50.802410435
69.919,-47.715,140.5815267820339,50.81184512
69.392,-48.038,140.7138830565409,50.81184512
68.866,-48.262,140.98790355394027,50.81184512
68.327,-48.117,140.88977029443566,50.81184512
67.792,-48.053,141.1822556917431,50.81184512
67.253,-48.065,141.2169061525831,50.821279804999996
66.71,-48.393,141.5886196694412,50.821279804999996
66.163,-48.587,142.0288195948501,50.821279804999996
65.61,-48.458,142.19029756425604,50.821279804999996
65.052,-48.615,142.49178534949922,50.821279804999996
64.487,-48.761,142.7968361401606,50.83071449
63.915,-49.043,143.26554064478282,50.83071449
63.332,-49.213,143.48447605028076,50.83071449
62.747,-49.24,143.75706660407874,50.83071449
62.157,-48.978,144.19084474478413,50.840149175
61.563,-49.365,144.38868200778563,50.840149175
60.963,-49.712,144.80275416958332,50.840149175
60.357,-49.804,145.0024968929249,50.840149175
59.742,-49.592,145.58795676881778,50.840149175
59.119,-49.676,145.68517090470877,50.849583859999996
58.488,-50.369,146.25610176531572,50.849583859999996
57.841,-50.545,146.55210288140185,50.849583859999996
57.187,-50.321,146.91892837656982,50.849583859999996
56.525,-50.234,147.17410679780645,50.859018545
55.856,-51.071,147.90139629431792,50.859018545
55.177,-51.29,148.23494317261947,50.859018545
54.487,-51.352,148.67601450358114,50.859018545
53.786,-50.83,148.97418490895168,50.859018545
53.068,-51.661,149.1961214654128,50.86845323
52.335,-52.265,149.4537997505734,50.86845323
51.584,-52.008,150.1379473780368,50.86845323
50.821,-51.862,150.37323117372634,50.877887914999995
50.038,-52.468,150.67041948170203,50.877887914999995
49.244,-53.054,150.99955892284848,50.877887914999995
48.429,-52.708,151.49383126026692,50.877887914999995
47.587,-52.813,152.05263586692644,50.8873226
46.719,-53.742,152.4202549459093,50.8873226
45.829,-53.414,152.97735181804393,50.8873226
44.912,-52.925,153.3839030628761,50.8873226
43.965,-53.878,153.7188633178807,50.896757285
42.971,-54.785,153.87413605876725,50.896757285
41.94,-53.796,154.4548338199559,50.896757285
40.871,-54.582,155.1124416928551,50.906191969999995
39.752,-55.619,155.3612418512068,50.906191969999995
38.569,-54.025,155.91468142821,50.906191969999995
37.323,-55.679,156.34468954416562,50.915626655
36.002,-56.435,156.811732016331,50.915626655
34.571,-54.392,157.41624065402775,50.92506134
33.044,-58.115,157.80073793304024,50.92506134
31.376,-55.367,158.25736665667193,50.92506134
29.546,-57.995,158.77269474760274,50.934496024999994
27.49,-56.047,159.5752869465444,50.934496024999994
25.172,-59.416,159.75877168827384,50.94393071
22.539,-55.533,160.43918076946855,50.94393071
19.616,-59.358,161.15389799682484,50.953365395
16.742,-59.175,161.71900521114222,50.962800079999994
14.343,-55.966,162.62028145652673,50.972234764999996
12.693,-56.322,163.2002023355727,50.972234764999996
12.294,-58.748,163.69472719192686,50.98166945
12.151,-57.28,163.91864653030677,50.991104135
12.12,-59.519,164.46656419468135,50.991104135
12.053,-57.887,164.7175576253035,50.991104135
12.036,-57.167,164.61969344313087,50.991104135
12.007,-57.072,164.66909628631728,50.991104135
11.994,-56.314,164.75689650636758,50.991104135
11.987,-56.603,165.0981827956432,50.991104135
11.995,-56.41,164.58300760953134,50.991104135
11.948,-56.502,164.95089280879122,50.991104135
11.922,-56.553,164.74450539752135,50.991104135
11.899,-55.988,164.9999314787375,50.991104135
11.907,-56.142,164.9338031604084,50.991104135
11.897,-56.225,165.1399107351011,50.991104135
11.846,-56.054,165.3190219339535,50.991104135
11.849,-55.938,165.12979736216764,50.991104135
11.853,-56.078,165.42334578856776,50.991104135
11.796,-55.626,165.16863588266332,50.991104135
11.807,-55.496,165.29215238400423,50.991104135
11.801,-55.943,164.90370414003786,50.991104135
11.745,-55.905,164.85665530268383,50.991104135
11.731,-55.444,164.9881604784264,50.991104135
11.694,-55.842,164.94788758242487,50.991104135
11.725,-55.522,165.10790637562653,50.991104135
11.707,-55.427,164.86166868581785,50.991104135
11.676,-55.225,165.29437398157373,50.991104135
11.693,-55.093,165.27999847231894,50.991104135
11.691,-55.223,165.21056529865322,50.991104135
11.665,-55.24,165.40044333621856,50.991104135
11.663,-55.229,165.39653118953294,50.991104135
11.609,-55.229,165.23145997228235,50.991104135
11.635,-54.975,165.44687670260615,50.991104135
11.636,-54.788,165.2318135289446,50.991104135
11.661,-55.041,165.3702872110119,50.991104135
11.6,-54.645,165.61720729663386,50.991104135
11.556,-54.998,165.22610054487112,50.991104135
11.624,-54.943,165.73945927849365,50.991104135
11.681,-54.615,165.71897115182625,50.991104135
11.606,-54.634,165.56460770300802,50.991104135
11.649,-54.834,165.83170421780363,50.991104135
11.532,-54.885,165.8415045805574,50.991104135
11.554,-54.651,165.9255965995235,51.000538819999996
11.595,-54.781,165.82018871492667,51.000538819999996
11.566,-55.103,165.9729981187975,51.000538819999996
11.595,-54.728,165.99329105866227,51.000538819999996
11.567,-54.843,165.9978154354455,51.000538819999996
11.496,-54.885,166.1434636021853,51.000538819999996
11.47,-54.693,166.0679315396754,51.000538819999996
11.484,-54.846,165.68603238313776,51.000538819999996
11.47,-54.728,165.8555967267306,51.000538819999996
11.527,-55.19,165.82561236878675,51.000538819999996
11.479,-55.186,165.9840886515451,51.000538819999996
11.418,-54.684,165.7770610672552,51.000538819999996
11.46,-55.027,165.98272604515955,51.000538819999996
11.473,-55.333,166.1476660826013,51.000538819999996
11.499,-55.107,165.90301473885475,51.000538819999996
11.429,-55.051,165.77876683512451,51.000538819999996
11.404,-55.164,166.1312692125654,51.000538819999996
11.39,-55.209,166.1561727995081,51.000538819999996
11.374,-55.036,166.01664952782758,51.000538819999996
11.401,-55.146,165.98890101954672,51.000538819999996
11.36,-55.348,165.99432669000436,51.000538819999996
11.365,-55.517,166.33243592616662,51.000538819999996
11.374,-55.443,166.2412242762561,51.000538819999996
11.35,-55.111,166.04875754059267,51.000538819999996
11.311,-55.562,166.23627285238922,51.000538819999996
11.304,-55.456,166.2895781253327,51.000538819999996
11.283,-55.504,166.17403116888661,51.000538819999996
11.283,-55.715,166.49287508271772,51.000538819999996
11.224,-55.6,166.10709197206373,51.000538819999996
11.197,-55.657,166.49654885303687,51.000538819999996
11.203,-55.928,166.27829305682772,51.000538819999996
11.156,-55.523,166.35457029413058,51.000538819999996
11.152,-56.157,166.30546044221,51.000538819999996
11.168,-55.727,166.19765016551534,51.000538819999996
11.109,-55.879,166.2074886837245,51.000538819999996
11.097,-56.021,166.29343013336245,51.000538819999996
11.119,-56.018,166.16837746995222,51.000538819999996
11.078,-55.895,166.18711646313906,51.000538819999996
11.093,-56.362,166.32920152938695,51.000538819999996
11.083,-56.198,166.25409577642486,51.000538819999996
11.097,-56.221,166.54241127874153,51.000538819999996
11.083,-56.281,166.73990067259692,51.000538819999996
11.067,-56.4,166.70163290160696,51.000538819999996
11.084,-56.056,166.64636253950005,51.000538819999996
11.085,-56.367,166.8134264133883,51.000538819999996
11.034,-56.224,166.6665758455935,51.000538819999996
11.048,-56.318,166.71220810700257,51.000538819999996
11.056,-56.413,166.5494400194403,51.000538819999996
11.045,-56.342,166.95444367520327,51.000538819999996
11.005,-56.372,166.73673295121134,51.000538819999996
10.993,-56.183,166.78875601858846,51.000538819999996
11.025,-56.241,166.71500829529074,51.000538819999996
11.0,-56.669,166.93290209307528,51.000538819999996
10.97,-56.476,166.86586244745158,51.000538819999996
10.994,-56.372,166.93617590796958,51.000538819999996
10.956,-56.784,167.1394831214816,51.000538819999996
10.975,-56.602,167.15216503594374,51.000538819999996
10.93,-56.686,167.76810646127635,51.000538819999996
10.925,-56.785,167.90858375276247,51.000538819999996
10.939,-56.649,167.49786220176378,51.000538819999996
10.89,-57.066,167.72364725181302,51.000538819999996
10.874,-56.688,167.88261451275184,51.000538819999996
10.905,-56.937,167.8952301905615,51.000538819999996
10.884,-56.64,167.86552079024662,51.000538819999996
10.855,-56.957,168.14529265675236,51.000538819999996
10.824,-57.153,167.82285422579199,51.000538819999996
10.852,-57.124,167.91091581414534,51.000538819999996
10.83,-57.11,168.04149796255695,51.000538819999996
10.802,-57.077,167.66361177487045,51.000538819999996
10.816,-57.125,167.8578848268469,51.000538819999996
10.808,-56.96,168.20661178015243,51.000538819999996
10.762,-57.024,168.0191206168986,51.000538819999996
10.774,-57.113,167.95540413536656,51.000538819999996
10.776,-57.086,167.92292757868657,51.000538819999996
10.727,-57.198,168.02956599669037,51.000538819999996
10.733,-56.829,168.0544710044772,51.000538819999996
10.703,-57.09,168.15800544071226,51.000538819999996
10.726,-57.324,168.43004417411942,51.000538819999996
10.706,-56.982,168.26772474518953,51.000538819999996
10.673,-57.009,168.4677786032189,51.000538819999996
10.67,-56.676,168.38237824336923,51.000538819999996
10.654,-57.153,168.45555194880401,51.000538819999996
10.626,-57.067,168.42240042212117,51.000538819999996
10.644,-57.078,168.40006911140736,51.000538819999996
10.604,-57.118,168.53525095037398,51.000538819999996
10.612,-57.338,168.49274256297804,51.000538819999996
10.577,-56.933,168.43175518074335,51.000538819999996
10.57,-56.89,168.59135452457048,51.000538819999996
10.58,-56.962,168.75257011586083,51.000538819999996
10.56,-56.449,168.44445971134454,51.000538819999996
10.542,-56.809,168.64591972224764,51.000538819999996
10.576,-56.55,168.96325928501895,51.000538819999996
10.536,-56.668,168.7074921337316,51.000538819999996
10.545,-56.512,168.99919114931447,51.000538819999996
10.526,-56.48,168.99910216212888,51.000538819999996
10.499,-56.612,168.9817803603934,51.000538819999996
10.496,-56.384,168.90840429015813,51.000538819999996
10.452,-56.267,169.16028236617936,51.000538819999996
10.452,-56.036,169.17304541245161,51.000538819999996
10.448,-56.003,169.074117885016,51.000538819999996
10.41,-56.206,168.93484076092255,51.000538819999996
10.423,-55.922,169.22838554870614,51.000538819999996
10.429,-56.258,169.15315943422732,51.000538819999996
10.368,-55.766,169.2420775892432,51.000538819999996
10.365,-55.881,169.3066241150014,51.000538819999996
10.352,-55.998,169.26971962759075,51.000538819999996
10.376,-55.555,169.4082405813912,51.000538819999996
10.348,-55.418,169.0357289230647,51.000538819999996
10.306,-55.736,169.2362410650922,51.000538819999996
10.331,-55.456,169.00648975364663,51.000538819999996
10.316,-55.571,169.36669297707147,51.000538819999996
10.29,-55.275,169.478434888675,51.000538819999996
10.301,-55.31,169.41280798360282,51.000538819999996
10.293,-55.248,169.14570875533465,51.000538819999996
10.241,-55.285,169.48754513072092,51.000538819999996
10.263,-55.374,169.3155720303731,51.000538819999996
10.242,-55.077,169.63011746104277,51.000538819999996
10.259,-54.79,169.39125849117033,51.000538819999996
10.22,-55.026,169.25702899986763,51.000538819999996
10.225,-54.888,169.52069178923136,51.000538819999996
10.244,-54.774,169.7450305407282,51.000538819999996
10.213,-54.837,169.46082411355636,51.000538819999996
10.193,-54.812,169.41976546099806,51.000538819999996
10.216,-54.696,169.56864003268169,51.000538819999996
10.194,-54.844,169.61164736893733,51.000538819999996
10.191,-54.47,169.79416772006732,51.000538819999996
10.156,-54.491,169.7018150532217,51.000538819999996
10.16,-54.505,169.85408866946227,51.000538819999996
10.159,-54.603,169.80075771889742,51.000538819999996
10.122,-54.28,169.68090803853394,51.000538819999996
10.134,-54.137,169.79422876080992,51.000538819999996
10.135,-54.461,169.81972510989775,51.000538819999996
10.106,-54.545,169.70078241480024,51.000538819999996
10.109,-54.553,169.96271414910518,51.000538819999996
10.099,-54.362,169.77414178003303,51.000538819999996
10.064,-54.202,169.78293947348686,51.000538819999996
10.071,-54.111,169.85938665934006,51.000538819999996
10.075,-54.226,170.04944254354365,51.000538819999996
10.068,-53.989,169.94098678357759,51.000538819999996
10.04,-54.074,170.16346944802532,51.000538819999996
10.013,-53.896,170.12957631580724,51.000538819999996
10.048,-54.364,170.10667321238952,51.000538819999996
10.022,-53.982,170.18137148441247,51.000538819999996
9.994,-53.644,170.04230420499576,51.000538819999996
9.99,-53.675,170.18262513158353,51.000538819999996
9.984,-53.724,170.0293000131857,51.000538819999996
10.001,-53.568,170.05347459693624,51.000538819999996
9.972,-53.606,170.31980225627254,51.000538819999996
9.968,-53.561,170.2629187092883,51.000538819999996
9.99,-53.844,170.31718703324702,51.000538819999996
9.953,-53.626,170.2952592708572,51.000538819999996
9.929,-53.465,170.32929357377282,51.000538819999996
9.91,-53.658,170.28628099606235,51.000538819999996
9.939,-53.582,170.4346220912365,51.000538819999996
9.919,-53.17,170.50578831136482,51.000538819999996
9.908,-53.371,170.5896038078127,51.000538819999996
9.903,-53.389,170.49303357347745,51.000538819999996
9.897,-53.44,170.4865763289991,51.000538819999996
9.875,-53.671,170.55597263374068,51.000538819999996
9.891,-53.453,170.38294705557746,51.000538819999996
9.868,-53.272,170.33808991283937,51.000538819999996
9.868,-53.388,170.42479895415232,51.000538819999996
9.827,-53.337,170.46291098262378,51.000538819999996
9.837,-53.395,170.59226578920493,51.000538819999996
9.843,-53.219,170.5838968091762,51.000538819999996
9.812,-53.315,170.76389504893294,51.000538819999996
9.828,-53.275,170.82377764619923,51.000538819999996
9.822,-53.01,170.82222946696183,51.000538819999996
9.783,-52.964,170.81529759996107,51.000538819999996
9.794,-53.057,170.8860722529321,51.000538819999996
9.803,-52.917,170.71486843455207,51.000538819999996
9.767,-52.981,170.94355481579618,51.000538819999996
9.777,-52.87,170.95022446783756,51.000538819999996
9.772,-52.928,170.99424349830468,51.009973505
9.734,-52.888,170.93887803834292,51.009973505
9.751,-52.857,170.92669236879547,51.000538819999996
9.747,-52.928,171.13161786379098,51.009973505
9.716,-52.8,171.06832802127317,51.009973505
9.719,-52.933,171.2413892803073,51.009973505
9.732,-52.997,171.41295713210314,51.009973505
9.727,-53.092,170.95219449997828,51.009973505
9.693,-53.057,171.1998596259179,51.009973505
9.692,-52.855,171.29033200183622,51.009973505
9.706,-53.215,171.14818919770883,51.009973505
9.684,-53.014,171.46796710896862,51.009973505
9.673,-53.175,171.22050868831172,51.009973505
9.687,-52.936,171.1585983205257,51.009973505
9.661,-52.963,171.61201906288937,51.009973505
9.653,-53.009,171.24656323782725,51.009973505
9.67,-52.975,171.28529016624395,51.009973505
9.644,-52.926,171.35172305829735,51.009973505
9.644,-53.015,171.26935015400397,51.009973505
9.616,-53.056,171.46212330469865,51.009973505
9.627,-52.908,171.64467202600034,51.009973505
9.63,-52.939,171.45795652068327,51.009973505
9.591,-53.142,171.51982053454842,51.009973505
9.599,-53.013,171.40727406560666,51.009973505
9.599,-53.191,171.47044852300925,51.009973505
9.588,-53.253,171.53780136048027,51.009973505
9.576,-53.261,171.52735946134132,51.009973505
9.561,-53.313,171.586460600846,51.009973505
9.576,-53.12,171.4341565675829,51.009973505
9.568,-53.333,171.8207650030641,51.009973505
9.551,-53.31,171.5946085380275,51.009973505
9.566,-53.286,171.81669786341737,51.009973505
9.552,-53.354,171.48376254030276,51.009973505
9.543,-53.064,171.57718386165314,51.009973505
9.508,-53.155,171.42358703418174,51.009973505
9.52,-53.147,171.5026884133525,51.009973505
9.521,-53.205,171.39470976789042,51.009973505
9.486,-53.37,171.45784354724574,51.009973505
9.498,-53.298,171.69036496470764,51.009973505
9.497,-53.32,171.53494484122646,51.009973505
9.47,-53.175,171.62487327789344,51.009973505
9.469,-53.369,171.72407442612015,51.009973505
9.454,-53.05,171.86688004621757,51.009973505
9.452,-53.32,171.83429488529086,51.009973505
9.467,-53.238,171.77967828804475,51.009973505
9.45,-53.366,171.80364871509346,51.009973505
9.456,-53.361,171.96139514296343,51.009973505
9.449,-53.627,171.69814047477973,51.009973505
9.421,-53.238,171.8702708167175,51.009973505
9.427,-53.481,171.91282786325482,51.009973505
9.43,-53.238,172.04514535833115,51.009973505
9.39,-53.259,171.785920562151,51.009973505
9.401,-53.412,171.80184483092953,51.009973505
9.393,-53.315,172.00407199900263,51.009973505
9.408,-53.392,171.99941548138253,51.009973505
9.385,-53.161,172.07537499658233,51.009973505
9.38,-53.359,171.84657278875105,51.009973505
9.38,-53.445,172.13250076392245,51.009973505
9.362,-53.47,172.17171634936517,51.009973505
9.348,-53.235,172.18696413828985,51.009973505
9.366,-53.279,172.1143043917256,51.009973505
9.347,-53.042,172.26409752661078,51.009973505
9.324,-53.279,172.01749631483045,51.009973505
9.324,-53.384,172.18970707572558,51.009973505
9.334,-53.369,172.1464433099089,51.009973505
9.34,-53.424,171.99410221815083,51.009973505
9.308,-53.279,172.13919764088027,51.009973505
9.314,-53.476,172.1226912076584,51.009973505
9.325,-53.489,172.31207730358346,51.009973505
9.307,-53.445,172.2964977719416,51.009973505
9.292,-53.492,172.34671866192434,51.009973505
9.31,-53.329,172.28137117496638,51.009973505
9.294,-53.276,172.46647508461305,51.009973505
9.282,-53.327,172.41617718716168,51.009973505
9.295,-53.47,172.35118601738125,51.009973505
9.277,-53.372,172.39928235769042,51.009973505
9.28,-53.271,172.193237349808,51.009973505
9.274,-53.329,172.38391527884096,51.009973505
9.262,-53.327,172.6955028045553,51.009973505
9.262,-53.47,172.56522371357207,51.009973505
9.231,-53.189,172.45807062382195,51.009973505
9.234,-53.305,172.4903867902656,51.009973505
9.245,-53.232,172.531142873741,51.009973505
9.217,-53.276,172.42911121952648,51.009973505
9.217,-53.35,172.3433408362271,51.009973505
9.211,-53.079,172.5591733204277,51.009973505
9.221,-53.23,172.35154933089726,51.009973505
9.221,-53.414,172.56112636254989,51.009973505
9.192,-53.316,172.45779119707322,51.009973505
9.2,-53.386,172.56168550577573,51.009973505
9.186,-53.561,172.7572153444871,51.009973505
9.177,-53.468,172.74990225426976,51.009973505
9.19,-53.2,172.74699223264577,51.009973505
9.194,-53.441,172.78630081355928,51.009973505
9.162,-53.445,172.67000510345662,51.009973505
9.168,-53.519,172.82937959895943,51.009973505
9.173,-53.513,172.68997238425467,51.009973505
9.142,-53.305,172.71029168675244,51.009973505
9.151,-53.486,173.303193068509,51.009973505
9.13,-53.508,172.96422829999037,51.009973505
9.151,-53.381,172.9167682339918,51.009973505
9.141,-53.394,172.92613931665846,51.009973505
9.118,-53.508,172.848109717273,51.009973505
9.12,-53.399,173.04164580939874,51.009973505
9.129,-53.443,173.0153427367982,51.009973505
9.101,-53.264,173.039615248941,51.009973505
9.102,-53.439,173.4623460768451,51.009973505
9.091,-53.325,173.63783200708085,51.009973505
9.108,-53.459,173.57791454995314,51.009973505
9.088,-53.294,173.45809586679073,51.009973505
9.077,-53.425,173.82229253916145,51.009973505
9.089,-53.45,173.56533051986176,51.009973505
9.077,-53.417,173.51278244040026,51.009973505
9.066,-53.494,173.47895131336722,51.009973505
9.079,-53.533,173.53071498082878,51.009973505
9.063,-53.455,173.62169343201813,51.009973505
9.067,-53.378,173.48741258929564,51.009973505
9.044,-53.209,173.79650680036045,51.009973505
9.047,-53.329,173.84204808397985,51.009973505
9.058,-53.552,173.86330426820166,51.009973505
9.028,-53.362,173.64038782425837,51.009973505
9.031,-53.154,173.72944744649052,51.009973505
9.049,-53.309,173.70316876413023,51.009973505
9.022,-53.411,173.88463461777172,51.009973505
9.012,-53.234,173.91329156362036,51.009973505
9.022,-53.327,174.04647023405988,51.009973505
9.003,-53.416,174.18304870119286,51.009973505
9.013,-53.251,174.15897860881844,51.009973505
8.985,-53.32,173.7607580131043,51.009973505
9.003,-53.307,174.12020681953513,51.009973505
9.004,-53.265,174.16094005799596,51.009973505
8.984,-53.249,173.90564665500565,51.009973505
8.991,-53.274,174.28892367741216,51.009973505
8.999,-53.169,174.29914036504692,51.009973505
8.969,-53.156,174.0989457978806,51.009973505
8.975,-53.032,174.1064096926451,51.009973505
8.959,-53.125,174.1019151778452,51.009973505
8.974,-53.059,173.9434912399036,51.009973505
8.963,-53.207,174.3906653395263,51.009973505
8.942,-53.01,174.16596038193921,51.009973505
8.968,-53.181,174.2669601071177,51.009973505
8.957,-53.078,174.3217860846133,51.009973505
8.932,-53.183,174.40005616893424,51.009973505
8.944,-53.107,174.33076293112828,51.009973505
8.939,-53.005,174.293970363532,51.009973505
8.942,-52.974,174.5099527957629,51.009973505
8.924,-52.998,174.37042002896132,51.009973505
8.91,-52.881,174.2876801787825,51.009973505
8.924,-52.958,173.9877072847509,51.009973505
8.901,-52.778,174.23127212588747,51.009973505
8.895,-53.043,174.11141342511058,51.009973505
8.916,-52.933,174.42216401296224,51.009973505
8.898,-52.969,174.4438460457385,51.009973505
8.884,-52.878,174.39916800585237,51.009973505
8.901,-52.683,174.41450604649776,51.009973505
8.884,-52.606,174.23921835538684,51.009973505
8.888,-52.371,174.47768244969123,51.009973505
8.857,-52.617,174.29088748834695,51.009973505
8.867,-52.541,174.42706073028995,51.009973505
8.874,-52.803,174.35403754505924,51.009973505
8.848,-52.689,174.83087915724795,51.009973505
8.849,-52.553,174.52247332033537,51.009973505
8.86,-52.367,174.7287489008141,51.009973505
8.854,-52.639,174.50799849740878,51.009973505
8.839,-52.347,174.5767395374644,51.009973505
8.818,-52.389,174.60445576297323,51.009973505
8.832,-52.351,174.69498847806298,51.009973505
8.822,-52.397,174.90273017008303,51.009973505
8.799,-52.443,174.8953929913475,51.009973505
8.819,-52.32,174.62775547387074,51.009973505
8.822,-52.315,174.88696900094166,51.009973505
8.79,-52.192,174.57621099565097,51.009973505
8.794,-52.231,174.9263353064012,51.009973505
8.774,-52.174,174.80797639489478,51.009973505
8.791,-52.325,174.8131743002398,51.009973505
8.775,-52.089,174.69636711744246,51.009973505
8.76,-52.179,174.73199246067222,51.009973505
8.775,-52.107,174.7606307733669,51.009973505
8.775,-52.138,174.8219190109667,51.009973505
8.778,-51.935,175.04986782803564,51.009973505
8.766,-52.09,175.13950215633477,51.009973505
8.75,-52.196,175.00362904353395,51.009973505
8.761,-52.104,175.1487707836405,51.009973505
8.735,-52.233,174.8987428797185,51.009973505
8.73,-51.956,174.91601804048298,51.009973505
8.74,-52.043,175.00393545975516,51.009973505
8.722,-51.778,175.05964996401903,51.009973505
8.731,-51.689,174.80023307136423,51.009973505
8.703,-52.113,175.15727266611768,51.009973505
8.713,-51.783,175.05109799659203,51.009973505
8.719,-51.817,175.17452655884492,51.009973505
8.689,-51.909,175.42590193534411,51.009973505
8.696,-51.77,175.37590610234565,51.009973505
8.676,-51.717,175.1178596275301,51.009973505
8.676,-51.674,175.32857362031183,51.009973505
8.677,-51.945,175.3562149560443,51.009973505
8.66,-51.79,174.43534998386147,51.009973505
8.682,-51.584,174.57077150668016,51.009973505
8.679,-51.725,174.52846588291564,51.009973505
8.66,-51.673,174.4485109136987,51.009973505
8.667,-51.581,174.54861493784725,51.009973505
8.678,-51.555,174.42567032229806,51.009973505
8.651,-51.771,174.38349278741472,51.009973505
8.658,-51.648,174.38960121915207,51.009973505
8.642,-51.706,174.74019500053998,51.009973505
8.655,-51.709,174.42914806452643,51.009973505
8.638,-51.547,174.4645693539273,51.009973505
8.624,-51.607,174.72894090706475,51.009973505
8.637,-51.461,174.59997669295967,51.009973505
8.616,-51.564,174.78480223552475,51.009973505
8.606,-51.547,174.7750570335336,51.009973505
8.628,-51.431,174.9750751130182,51.009973505
8.616,-51.521,174.87302196660642,51.009973505
8.618,-51.514,174.99320666040003,51.009973505
8.598,-51.381,174.97079741495554,51.009973505
8.6,-51.267,174.8272790683324,51.009973505
8.607,-51.371,175.19539883755343,51.009973505
8.583,-51.546,174.93003370886953,51.009973505
8.579,-51.419,175.14506371258173,51.009973505
8.579,-51.18,175.29439367215787,51.009973505
8.598,-51.231,175.23114197905613,51.009973505
8.593,-51.321,174.83780161994991,51.009973505
8.565,-51.172,174.9601886494574,51.009973505
8.579,-51.181,174.9942863959985,51.009973505
8.586,-51.133,174.89935433327804,51.009973505
8.558,-51.316,174.72227959208078,51.009973505
8.558,-51.039,174.7650742081322,51.009973505
8.544,-51.244,175.01348756049674,51.009973505
8.558,-51.059,174.75254600160568,51.009973505
8.545,-51.109,174.87558538385642,51.009973505
8.528,-51.252,174.76721273765193,51.009973505
8.54,-51.061,175.18414982187068,51.009973505
8.539,-51.152,174.9398445734111,51.009973505
8.542,-50.873,175.19481998890365,51.009973505
8.52,-50.976,175.02861384877446,51.009973505
8.515,-51.042,175.12020802100548,51.009973505
8.529,-51.042,174.8610748386128,51.009973505
8.51,-50.913,175.27284367314462,51.009973505
8.503,-50.862,174.85281995378327,51.009973505
8.495,-50.949,175.19242692124047,51.009973505
8.502,-50.944,175.06851241913083,51.009973505
8.509,-50.885,175.03724034757144,51.009973505
8.481,-50.81,175.0098544772432,51.009973505
8.486,-50.616,175.10648307694794,51.009973505
8.471,-50.7,175.31760134706522,51.009973505
8.493,-50.763,175.35161126039816,51.009973505
8.483,-50.792,175.18230296426376,51.009973505
8.465,-50.796,175.30903883797615,51.009973505
8.476,-50.681,175.38452721083127,51.009973505
8.473,-50.758,175.4238902360812,51.009973505
8.455,-50.711,175.19317659676165,51.009973505
8.481,-50.604,175.26426947839335,51.009973505
8.478,-50.802,176.11385830067124,51.009973505
8.454,-50.657,176.15900195533925,51.009973505
8.474,-50.597,175.9658585254729,51.009973505
8.48,-50.705,175.92077537057963,51.009973505
8.478,-50.52,176.2974043165238,51.009973505
8.46,-50.845,176.23154857637397,51.009973505
8.448,-50.462,176.3751868729558,51.009973505
8.462,-50.481,176.3446544726708,51.009973505
8.448,-50.527,176.22047870770405,51.009973505
8.432,-50.55,176.36404808078598,51.009973505
8.424,-50.423,176.1707544972457,51.009973505
8.431,-50.665,176.54797284977147,51.009973505
8.435,-50.562,176.53102699498012,51.009973505
8.414,-50.551,176.62413514332275,51.009973505
8.419,-50.433,176.32753807742387,51.009973505
8.425,-50.516,176.76465784325995,51.009973505
8.401,-50.361,176.60127239372252,51.009973505
8.405,-50.366,176.48885919246288,51.01940819
8.422,-50.482,176.63474616264926,51.009973505
8.415,-50.554,176.65168025485949,51.009973505
8.407,-50.349,176.78707504929181,51.01940819
8.382,-50.369,176.5038414563666,51.01940819
8.398,-50.3,176.67109951567375,51.009973505
8.399,-50.335,176.53949989456552,51.009973505
8.375,-50.371,176.83995332441182,51.01940819
8.383,-50.348,176.61965293153966,51.009973505
8.393,-50.415,176.83650397135779,51.009973505
8.391,-50.262,176.7309913758116,51.009973505
8.379,-50.263,176.57619440719128,51.01940819
8.36,-50.204,176.5528464802454,51.01940819
8.374,-50.12,176.7596095288397,51.009973505
8.371,-50.299,176.73218288473134,51.01940819
8.349,-50.307,176.63103296532864,51.01940819
8.363,-50.438,176.53088874632,51.01940819
8.348,-50.31,176.49687334769763,51.01940819
8.367,-50.312,176.97525208385522,51.009973505
8.342,-50.495,176.72262577894975,51.01940819
8.341,-50.329,176.9000361264075,51.01940819
8.36,-50.409,176.8570517545908,51.01940819
8.339,-50.307,176.8177841259209,51.01940819
8.325,-50.236,176.92225185187797,51.01940819
8.345,-50.229,176.80258329300963,51.01940819
8.333,-50.24,177.17616007588404,51.01940819
8.311,-50.399,177.1343982773422,51.01940819
8.326,-50.312,177.12505563772692,51.01940819
8.312,-50.131,176.81456422343092,51.01940819
8.325,-50.32,176.73612919153067,51.01940819
8.298,-50.283,177.07712263003563,51.01940819
8.302,-50.264,176.99468458163423,51.01940819
8.314,-50.488,177.50289970655734,51.01940819
8.29,-50.228,177.05222362494192,51.01940819
8.287,-50.362,177.19499527341785,51.01940819
8.304,-50.462,177.07716434135597,51.01940819
8.302,-50.447,177.14765207604248,51.01940819
8.303,-50.46,177.0392887845502,51.01940819
8.282,-50.451,177.34004440611514,51.01940819
8.289,-50.362,177.07228387349738,51.01940819
8.299,-50.38,176.95692249898406,51.01940819
8.272,-50.135,176.97175304456033,51.01940819
8.279,-50.298,177.2610911922659,51.01940819
8.263,-50.373,177.42145042129545,51.01940819
8.282,-50.275,177.06407437104903,51.01940819
8.271,-50.289,177.16901177816635,51.01940819
8.253,-50.153,177.48258719785292,51.01940819
8.272,-50.416,177.1373065534162,51.01940819
8.26,-50.257,177.45073316028615,51.01940819
8.24,-50.271,177.46366882426727,51.01940819
8.256,-50.278,177.21072881646325,51.01940819
8.254,-50.17,177.19715060915968,51.01940819
8.261,-50.356,177.51421976884546,51.01940819
8.242,-50.414,177.33931165018353,51.01940819
8.237,-50.222,177.1231228763381,51.01940819
8.25,-50.329,177.46731757151832,51.01940819
8.229,-50.226,178.5607058803956,51.01940819
8.22,-50.451,178.59218504073107,51.01940819
8.248,-50.11,178.62967894140294,51.01940819
8.238,-50.204,178.49535360006115,51.01940819
8.222,-50.215,178.7317548701722,51.01940819
8.245,-50.199,178.84952756005697,51.01940819
8.235,-50.348,178.67029877497265,51.01940819
8.241,-50.402,178.64128566537943,51.01940819
8.214,-50.48,178.8017677093087,51.01940819
8.213,-50.174,178.76341988101052,51.01940819
8.222,-50.11,178.6361877113622,51.01940819
8.199,-50.166,178.87582397026102,51.01940819
8.193,-50.034,178.87034515876022,51.01940819
8.213,-50.175,178.69707521176142,51.01940819
8.198,-50.231,178.72913869772495,51.01940819
8.187,-50.112,178.77696497772556,51.01940819
8.181,-50.07,179.039315345609,51.01940819
8.191,-50.259,178.79907719491274,51.01940819
8.195,-50.31,178.9024885682876,51.01940819
8.174,-50.272,178.97755835356716,51.01940819
8.185,-50.225,179.13840533357907,51.01940819
8.186,-50.175,179.32039277657242,51.01940819
8.161,-50.244,179.5282792884662,51.01940819
8.172,-50.261,179.3055585609389,51.01940819
8.178,-50.218,179.35963914503182,51.01940819
8.171,-50.295,179.22322844360988,51.01940819
8.159,-50.393,179.36815530671493,51.01940819
8.144,-50.103,179.23568653089566,51.01940819
8.159,-50.266,179.64976787954268,51.01940819
8.149,-50.199,179.37356798510675,51.01940819
8.134,-50.078,179.23822593413246,51.01940819
8.149,-50.238,179.4358184592689,51.01940819
8.145,-50.3,179.23208159609095,51.01940819
8.123,-50.214,179.52305199433076,51.01940819
8.134,-50.189,179.1497640822968,51.01940819
8.123,-50.139,179.2013706180528,51.01940819
8.137,-50.164,179.2451194485175,51.01940819
8.119,-50.202,178.7288408514403,51.01940819
8.114,-50.128,178.8767993573911,51.01940819
8.132,-50.149,178.59591418806326,51.01940819
8.112,-50.08,178.6631846983524,51.01940819
8.111,-50.169,178.6329473250683,51.01940819
8.124,-50.248,178.97970611843772,51.01940819
8.105,-50.299,179.24571672891852,51.01940819
8.093,-50.192,178.91708468149582,51.01940819
8.112,-50.374,179.20443304144717,51.01940819
8.098,-50.207,178.85126789115927,51.01940819
8.086,-50.198,178.9815672522295,51.01940819
8.083,-50.3,179.12806532944805,51.01940819
8.089,-50.192,179.18313487685063,51.01940819
8.095,-50.098,179.2782179797754,51.01940819
8.078,-50.339,179.32439040544665,51.01940819
8.082,-50.334,179.35654645094877,51.01940819
8.091,-50.13,179.14934479203728,51.01940819
8.069,-50.24,179.1239841640123,51.01940819
8.073,-50.323,179.0770690933089,51.01940819
8.082,-50.284,179.54757230338222,51.01940819
8.064,-50.226,179.14603390875072,51.01940819
8.067,-50.175,179.4554962572357,51.01940819
8.076,-50.22,179.67536935564044,51.01940819
8.057,-50.317,179.61143192202402,51.01940819
8.058,-50.351,179.52163756189262,51.01940819
8.044,-50.04,179.48968201192665,51.01940819
8.06,-50.222,179.5350528324764,51.01940819
8.054,-50.145,179.71459211582493,51.01940819
8.031,-50.081,179.4156396600834,51.01940819
8.046,-50.229,179.56953966929652,51.01940819
8.05,-50.135,179.85646522217272,51.01940819
8.022,-50.224,179.76117170558064,51.01940819
8.03,-50.233,179.7241799793116,51.01940819
8.033,-50.133,179.54217861797372,51.01940819
8.009,-50.283,179.45289849515993,51.01940819
8.015,-50.226,179.56789598677062,51.01940819
8.007,-50.319,179.87828478499011,51.01940819
8.023,-50.192,179.82713499325993,51.01940819
8.009,-50.248,177.70582178411934,51.01940819
8.005,-50.129,177.89671733492028,51.01940819
8.028,-50.088,177.87972767486835,51.01940819
8.019,-50.112,178.08998492782587,51.01940819
8.002,-50.035,178.22460201554014,51.01940819
8.023,-50.132,177.7812015589838,51.01940819
8.008,-50.164,178.1374734348639,51.01940819
8.022,-50.039,178.1181886209391,51.01940819
7.996,-49.975,177.9662202434951,51.01940819
8.0,-50.204,177.85085879239548,51.01940819
8.012,-50.087,178.04680969308018,51.01940819
7.991,-50.182,178.06476799152003,51.01940819
7.985,-50.073,178.34286765453948,51.01940819
8.003,-50.107,178.16019480479582,51.01940819
7.988,-50.063,178.11665887255174,51.01940819
7.975,-50.011,178.08213004144181,51.01940819
7.991,-49.958,178.00993125474113,51.01940819
7.979,-50.061,178.197213762023,51.01940819
7.987,-50.185,177.91023302355555,51.01940819
7.967,-50.05,178.29669510876525,51.01940819
7.97,-50.064,178.14606906410165,51.01940819
7.98,-50.027,177.7871762263568,51.01940819
7.974,-49.974,178.20781688736474,51.01940819
7.965,-50.08,178.25624726043978,51.01940819
7.973,-50.082,178.0259728883271,51.01940819
7.965,-50.08,178.23262907670957,51.01940819
7.958,-49.928,178.22285095085775,51.01940819
7.939,-49.823,178.378041359398,51.01940819
7.96,-49.873,178.16703161023366,51.01940819
7.957,-49.849,178.32881154558808,51.01940819
7.936,-49.813,177.965405600951,51.01940819
7.959,-49.984,177.79827035148233,51.01940819
7.958,-50.068,178.13300201423723,51.01940819
7.957,-49.966,178.0957000279961,51.01940819
7.937,-49.88,178.19761154538867,51.01940819
7.927,-49.802,178.26902837807478,51.01940819
7.952,-49.844,178.48515471465848,51.01940819
7.939,-50.109,178.55360504615683,51.01940819
7.931,-49.85,178.37286045253555,51.01940819
7.949,-50.06,178.28689016366044,51.01940819
7.935,-49.976,178.55685816133544,51.01940819
7.94,-50.084,178.44982030722994,51.01940819
7.914,-50.232,178.463420367547,51.01940819
7.925,-50.125,178.52570993914605,51.01940819
7.932,-50.06,178.7549954586934,51.01940819
7.908,-50.113,178.5765866861332,51.01940819
7.912,-50.114,178.58422836764015,51.01940819
7.924,-49.869,178.8412313620558,51.01940819
7.9,-50.071,178.8279888019581,51.01940819
7.903,-50.024,178.7541143825757,51.01940819
7.893,-49.864,178.60769178667186,51.01940819
7.907,-49.716,178.480089643701,51.01940819
7.908,-49.859,178.741509227915,51.01940819
7.885,-50.063,178.5657897276973,51.01940819
7.902,-50.014,178.59623558384112,51.01940819
7.906,-49.918,178.92748227229256,51.01940819
7.907,-49.96,178.76648633321432,51.01940819
7.89,-49.909,178.78705124961192,51.01940819
7.877,-49.959,178.77089536280604,51.01940819
7.892,-49.811,178.9290328682148,51.01940819
7.885,-49.977,178.98473520883317,51.01940819
7.865,-49.91,178.92355432887908,51.01940819
7.887,-49.979,178.88196600675096,51.01940819
7.886,-49.923,179.077110252144,51.01940819
7.864,-50.055,179.0057642877752,51.01940819
7.877,-49.963,178.78215107253328,51.01940819
7.879,-49.794,179.02364953957684,51.01940819
7.882,-49.974,178.9064711523642,51.01940819
7.865,-49.99,179.07221762839245,51.01940819
7.853,-49.896,178.8579779281895,51.01940819
7.869,-50.024,179.07171106056933,51.01940819
7.86,-50.071,179.04581842129687,51.01940819
7.842,-49.895,179.00775275681102,51.01940819
7.858,-49.932,179.4257431841322,51.01940819
7.855,-50.049,179.2752085879945,51.01940819
7.836,-49.852,179.16598364964105,51.01940819
7.84,-49.948,179.27389370639526,51.01940819
7.837,-50.029,179.07499907931478,51.01940819
7.853,-49.992,179.33548300407855,51.01940819
7.834,-49.997,179.42906487789082,51.01940819
7.827,-49.896,179.1125570260436,51.01940819
7.826,-49.865,179.08436302706716,51.01940819
7.837,-49.858,179.3223764055127,51.01940819
7.842,-49.816,179.31325319852826,51.01940819
7.818,-49.905,179.31613331343323,51.01940819
7.822,-50.091,179.13141030493722,51.01940819
7.837,-49.79,179.54491997883795,51.01940819
7.821,-49.662,179.45873533718583,51.01940819
7.82,-49.762,179.09179173981448,51.01940819
7.833,-49.819,179.4119001392034,51.01940819
7.824,-49.587,179.21497265591978,51.01940819
7.824,-49.817,179.31218077940412,51.01940819
7.809,-49.824,179.35947709769948,51.01940819
7.819,-49.666,179.37113466311953,51.01940819
7.824,-49.826,179.49562606426485,51.01940819
7.818,-49.965,179.27542646204094,51.01940819
7.804,-49.877,179.6269652745643,51.01940819
7.787,-49.87,179.29668204757488,51.01940819
7.807,-49.91,179.71371434618285,51.01940819
7.8,-49.749,179.22816660018185,51.01940819
7.779,-49.83,179.65332116575743,51.01940819
7.787,-49.866,179.52664926022896,51.01940819
7.798,-49.743,179.5751765411689,51.01940819
7.801,-49.775,179.52308973719676,51.01940819
7.785,-49.745,179.4017371635216,51.01940819
7.783,-49.598,179.49063055783543,51.01940819
7.802,-49.725,179.3852416773053,51.01940819
7.782,-49.739,179.4197930861064,51.01940819
7.774,-49.64,179.39883604197578,51.01940819
7.795,-49.741,179.31182366845127,51.01940819
7.782,-49.731,179.62207427718164,51.01940819
7.77,-49.745,179.54489249762497,51.01940819
7.788,-49.748,179.8678228656345,51.01940819
7.778,-49.761,179.81678132827327,51.01940819
7.788,-49.835,179.98236732455067,51.01940819
7.767,-49.796,179.8638287441941,51.01940819
7.768,-49.712,179.86726212687387,51.01940819
7.783,-49.778,179.92955778625864,51.01940819
7.763,-49.748,179.75438651006803,51.01940819
7.767,-49.733,179.83851599990558,51.01940819
7.786,-49.66,179.82062467827149,51.01940819
7.77,-49.66,179.7470238358551,51.01940819
7.775,-49.685,179.9933922877949,51.01940819
7.753,-49.75,179.92238132945675,51.01940819
7.764,-49.796,179.86085522582798,51.01940819
7.778,-49.757,180.17430839808492,51.01940819
7.754,-49.701,179.80388763420876,51.01940819
7.76,-49.634,179.64221640959937,51.01940819
7.769,-49.627,179.88879750404413,51.01940819
7.748,-49.771,179.85183933869237,51.01940819
7.749,-49.7,180.0146202944825,51.01940819
7.762,-49.498,180.070070357185,51.01940819
7.738,-49.536,180.06200148651953,51.01940819
7.736,-49.769,179.9096746252678,51.01940819
7.727,-49.712,179.99354396296533,51.01940819
7.744,-49.593,179.87225862420323,51.01940819
7.743,-49.596,180.15199000329807,51.01940819
7.722,-49.674,179.9413113555468,51.01940819
7.736,-49.657,180.02520983524596,51.01940819
7.746,-49.587,179.78493242779973,51.01940819
7.724,-49.582,179.92610917134127,51.01940819
7.735,-49.676,180.04838214055374,51.01940819
7.723,-49.655,180.16326213399134,51.01940819
7.738,-49.523,180.22088339083035,51.01940819
7.732,-49.623,180.12531636940565,51.01940819
7.72,-49.546,180.1638601220471,51.01940819
7.733,-49.651,179.96769240228946,51.01940819
7.729,-49.604,180.1486477854272,51.01940819
7.706,-49.599,179.9662676250495,51.01940819
7.726,-49.733,180.13358179030539,51.01940819
7.712,-49.693,180.2669745935439,51.01940819
7.727,-49.642,180.29892087368873,51.01940819
7.711,-49.637,180.11641151586375,51.01940819
7.703,-49.752,180.74141765549126,51.01940819
7.721,-49.674,180.94362158059536,51.01940819
7.71,-49.873,180.7962717103793,51.01940819
7.693,-49.775,180.56632159980467,51.01940819
7.71,-49.827,180.5763411702494,51.01940819
7.698,-49.785,180.7979282129709,51.01940819
7.71,-49.786,180.79631576529462,51.01940819
7.691,-49.748,180.77064861673966,51.01940819
7.692,-49.785,180.77195624113375,51.01940819
7.709,-49.786,180.80792510126633,51.01940819
7.692,-49.777,180.89496214938237,51.01940819
7.686,-49.905,180.78540722275386,51.01940819
7.702,-49.824,181.07033816524387,51.01940819
7.691,-49.853,180.80699476218894,51.01940819
7.681,-49.725,180.95696714191234,51.01940819
7.698,-49.787,180.70603923749005,51.01940819
7.688,-49.96,180.80162314300182,51.01940819
7.697,-49.668,181.23693465934016,51.01940819
7.673,-49.664,180.76062596021822,51.01940819
7.683,-49.819,181.08287189283467,51.01940819
7.69,-49.861,180.84503567998894,51.01940819
7.669,-49.888,181.0662653631454,51.01940819
7.676,-49.647,180.94308859325085,51.01940819
7.684,-49.758,180.76248228846006,51.01940819
7.667,-49.857,181.1202014634566,51.01940819
7.664,-49.765,180.94874459615053,51.01940819
7.661,-49.811,181.3046440194791,51.01940819
7.676,-49.779,181.09861141326382,51.01940819
7.676,-49.702,181.06712652615943,51.01940819
7.659,-49.835,181.23245873447135,51.01940819
7.671,-49.903,181.3015698070972,51.01940819
7.674,-49.844,181.10783995400283,51.01940819
7.661,-49.844,181.17672988881742,51.01940819
7.667,-49.736,181.07777705210808,51.01940819
7.654,-49.876,181.22771673441113,51.01940819
7.674,-49.713,181.32276888662335,51.01940819
7.662,-49.696,181.49120622280324,51.01940819
7.648,-49.661,181.42049441505287,51.01940819
7.647,-49.702,181.71349745248125,51.01940819
7.661,-49.661,181.5096429849204,51.01940819
7.667,-49.632,181.62213780154838,51.01940819
7.644,-49.675,181.58192525641198,51.01940819
7.649,-49.661,181.3732819076481,51.01940819
7.661,-49.65,181.56864679295538,51.01940819
7.64,-49.754,181.6906701215768,51.01940819
7.645,-49.62,181.44088127838418,51.01940819
7.659,-49.698,181.61201969139867,51.01940819
